"Clint Capela",
"Larry Nance",
"Caris LeVert",
"Georges Niang",
"Trae Young",
"Terance Mann",
"Garrison Mathews",
"Onyeka Okongwu",
"Vít Krejčí",
"Jalen Johnson",
"Keaton Wallace",
"Dominick Barlow",
"Dyson Daniels",
"Daeqwon Plowden",
"Mouhamed Gueye",
"Kobe Bufkin",
"Jacob Toppin",
"Zaccharie Risacher",
"P.J. Tucker",
"Delon Wright",
"Karl-Anthony Towns",
"Cameron Payne",
"OG Anunoby",
"Josh Hart",
"Mikal Bridges",
"Mitchell Robinson",
"Landry Shamet",
"Jalen Brunson",
"Precious Achiuwa",
"Miles McBride",
"MarJon Beauchamp",
"Tyler Kolek",
"Kevin McCullar",
"Pacôme Dadiet",
"Anton Watson",
"Ariel Hukporti",
"Dennis Schröder",
"Tobias Harris",
"Tim Hardaway",
"Malik Beasley",
"Isaiah Stewart",
"Paul Reed",
"Cade Cunningham",
"Lindy Waters",
"Jaden Ivey",
"Jalen Duren",
"Ron Harper",
"Simone Fontecchio",
"Ausar Thompson",
"Bobi Klintman",
"Marcus Sasser",
"Ron Holland",
"Daniss Jenkins",
"Tolu Smith",
"Luke Kennard",
"Jaren Jackson",
"Marvin Bagley",
"Ja Morant",
"Brandon Clarke",
"John Konchar",
"Desmond Bane",
"Lamar Stevens",
"Santi Aldama",
"Jay Huff",
"Scotty Pippen",
"Vince Williams",
"GG Jackson",
"Zach Edey",
"Jaylen Wells",
"Cam Spencer",
"Zyon Pullin",
"Yuki Kawamura",
"Kyle Lowry",
"Eric Gordon",
"Joel Embiid",
"Paul George",
"Andre Drummond",
"Kelly Oubre",
"Guerschon Yabusele",
"Lonnie Walker",
"Tyrese Maxey",
"Jared Butler",
"Quentin Grimes",
"Jeff Dowtin",
"Phillip Wheeler",
"Jalen Hood-Schifino",
"Colin Castleton",
"Ricky Council",
"Jared McCain",
"Justin Edwards",
"Adem Bona",
"Alex Reese",
"Mike Conley",
"Julius Randle",
"Rudy Gobert",
"Joe Ingles",
"Donte DiVincenzo",
"Nickeil Alexander-Walker",
"Naz Reid",
"Anthony Edwards",
"Jaden McDaniels",
"Luka Garza",
"Bones Hyland",
"Leonard Miller",
"Josh Minott",
"Jaylen Clark",
"Rob Dillingham",
"Terrence Shannon",
"Tristen Newton",
"Jesse Edwards",
"Kevin Love",
"Kyle Anderson",
"Andrew Wiggins",
"Alec Burks",
"Terry Rozier",
"Bam Adebayo",
"Duncan Robinson",
"Haywood Highsmith",
"Tyler Herro",
"Davion Mitchell",
"Josh Christopher",
"Dru Smith",
"Nikola Jović",
"Jaime Jaquez",
"Kel'el Ware",
"Pelle Larsson",
"Keshad Johnson",
"Isaiah Stevens",
"Giannis Antetokounmpo",
"Brook Lopez",
"Damian Lillard",
"Bobby Portis",
"Pat Connaughton",
"Taurean Prince",
"Kyle Kuzma",
"Gary Trent",
"Kevin Porter",
"Jericho Sims",
"Ryan Rollins",
"Jamaree Bouyea",
"AJ Green",
"Stanley Umude",
"Andre Jackson",
"Chris Livingston",
"Pete Nance",
"Tyler Smith",
"James Harden",
"Nicolas Batum",
"Kawhi Leonard",
"Patty Mills",
"Norman Powell",
"Ben Simmons",
"Kris Dunn",
"Ivica Zubac",
"Bogdan Bogdanović",
"Derrick Jones",
"Drew Eubanks",
"Amir Coffey",
"Patrick Baldwin",
"Kobe Brown",
"Seth Lundy",
"Jordan Miller",
"Cam Christie",
"Trentyn Flowers",
"Anthony Davis",
"Klay Thompson",
"Dwight Powell",
"Kyrie Irving",
"Spencer Dinwiddie",
"Dante Exum",
"P.J. Washington",
"Daniel Gafford",
"Caleb Martin",
"Naji Marshall",
"Kai Jones",
"Kessler Edwards",
"Brandon Williams",
"Jaden Hardy",
"Max Christie",
"Dereck Lively",
"Olivier-Maxence Prosper"
