Team,Player Name
CHA,Taj Gibson
CHA,Jusuf Nurkić
CHA,Seth Curry
CHA,Miles Bridges
CHA,Josh Okogie
CHA,Grant Williams
CHA,DaQuan Jeffries
CHA,LaMelo Ball
CHA,Josh Green
CHA,Tre Mann
CHA,Mark Williams
CHA,Wendell Moore Jr.
CHA,Moussa Diabaté
CHA,Jaylen Sims
CHA,Brandon Miller
CHA,Nick Smith Jr.
CHA,Damion Baugh
CHA,Tidjane Salaün
CHA,KJ Simpson
SAC,Jonas Valančiūnas
SAC,DeMar DeRozan
SAC,Doug McDermott
SAC,Jae Crowder
SAC,Zach LaVine
SAC,Trey Lyles
SAC,Domantas Sabonis
SAC,Markelle Fultz
SAC,Malik Monk
SAC,Mason Jones
SAC,Keegan Murray
SAC,Keon Ellis
SAC,Jake LaRavia
SAC,Devin Carter
SAC,Isaiah Crawford
SAC,Isaac Jones
IND,James Johnson
IND,Myles Turner
IND,T.J. McConnell
IND,Pascal Siakam
IND,Thomas Bryant
IND,Tony Bradley
IND,Obi Toppin
IND,Tyrese Haliburton
IND,Aaron Nesmith
IND,Isaiah Jackson
IND,Bennedict Mathurin
IND,Andrew Nembhard
IND,Quenton Jackson
IND,Jarace Walker
IND,Ben Sheppard
IND,Johnny Furphy
IND,Enrique Freeman
IND,RayJ Dennis
UTA,Jordan Clarkson
UTA,Lauri Markkanen
UTA,John Collins
UTA,Collin Sexton
UTA,Svi Mykhailiuk
UTA,Kenyon Martin Jr.
UTA,Jaden Springer
UTA,Micah Potter
UTA,Walker Kessler
UTA,Johnny Juzang
UTA,Taylor Hendricks
UTA,Keyonte George
UTA,Brice Sensabaugh
UTA,Oscar Tshiebwe
UTA,Cody Williams
UTA,Kyle Filipowski
UTA,Isaiah Collier
UTA,Elijah Harkless
BOS,Jrue Holiday
BOS,Al Horford
BOS,Kristaps Porzingis
BOS,Jaylen Brown
BOS,Jayson Tatum
BOS,Derrick White
BOS,Luke Kornet
BOS,Torrey Craig
BOS,Payton Pritchard
BOS,Xavier Tillman
BOS,Neemias Queta
BOS,Sam Hauser
BOS,JD Davison
BOS,Jordan Walsh
BOS,Drew Peterson
BOS,Miles Norris
BOS,Baylor Scheierman
PHO,Bradley Beal
PHO,Mason Plumlee
PHO,Kevin Durant
PHO,Tyus Jones
PHO,Devin Booker
PHO,Damion Lee
PHO,Monté Morris
PHO,Royce O'Neale
PHO,Grayson Allen
PHO,Bol Bol
PHO,Cody Martin
PHO,Nick Richards
PHO,Vasilije Micić
PHO,TyTy Washington Jr.
PHO,Collin Gillespie
PHO,Ryan Dunn
PHO,Oso Ighodaro
PHO,Jalen Bridges
TOR,Garrett Temple
TOR,Brandon Ingram
TOR,Jakob Poeltl
TOR,Chris Boucher
TOR,RJ Barrett
TOR,Immanuel Quickley
TOR,Scottie Barnes
TOR,A.J. Lawson
TOR,Ochai Agbaji
TOR,Cole Swider
TOR,Jared Rhoden
TOR,Orlando Robinson
TOR,Gradey Dick
TOR,Ja'Kobe Walter
TOR,Jonathan Mogbo
TOR,Jamal Shead
TOR,Ulrich Chomche
TOR,Jamison Battle
DET,Dennis Schröder
DET,Tobias Harris
DET,Tim Hardaway Jr.
DET,Malik Beasley
DET,Isaiah Stewart
DET,Paul Reed
DET,Cade Cunningham
DET,Lindy Waters III
DET,Jaden Ivey
DET,Jalen Duren
DET,Ron Harper Jr.
DET,Simone Fontecchio
DET,Ausar Thompson
DET,Bobi Klintman
DET,Marcus Sasser
DET,Ron Holland II
DET,Daniss Jenkins
DET,Tolu Smith
CHI,Nikola Vučević
CHI,Lonzo Ball
CHI,Zach Collins
CHI,Kevin Huerter
CHI,Jevon Carter
CHI,Coby White
CHI,Talen Horton-Tucker
CHI,Patrick Williams
CHI,Jalen Smith
CHI,Tre Jones
CHI,Josh Giddey
CHI,Ayo Dosunmu
CHI,E.J. Liddell
CHI,Dalen Terry
CHI,Julian Phillips
CHI,Matas Buzelis
CHI,Jahmir Young
CHI,Emanuel Miller
POR,Jerami Grant
POR,Deandre Ayton
POR,Anfernee Simons
POR,Robert Williams III
POR,Duop Reath
POR,Matisse Thybulle
POR,Deni Avdija
POR,Dalano Banton
POR,Shaedon Sharpe
POR,Bryce McGowens
POR,Jabari Walker
POR,Justin Minaya
POR,Scoot Henderson
POR,Rayan Rupert
POR,Kris Murray
POR,Sidy Cissoko
POR,Toumani Camara
POR,Donovan Clingan
HOU,Jeff Green
HOU,Steven Adams
HOU,Fred VanVleet
HOU,Dillon Brooks
HOU,Aaron Holiday
HOU,Jock Landale
HOU,Jae'Sean Tate
HOU,Alperen Sengün
HOU,Jalen Green
HOU,Jabari Smith Jr.
HOU,Tari Eason
HOU,David Roddy
HOU,Nate Williams
HOU,Amen Thompson
HOU,Cam Whitmore
HOU,Reed Sheppard
HOU,N'Faly Dante
HOU,Jack McVeigh
OKC,Alex Caruso
OKC,Isaiah Hartenstein
OKC,Shai Gilgeous-Alexander
OKC,Kenrich Williams
OKC,Luguentz Dort
OKC,Isaiah Joe
OKC,Aaron Wiggins
OKC,Chet Holmgren
OKC,Ousmane Dieng
OKC,Jalen Williams
OKC,Jaylin Williams
OKC,Cason Wallace
OKC,Adam Flagler
OKC,Nikola Topić
OKC,Dillon Jones
OKC,Ajay Mitchell
OKC,Branden Carlson
OKC,Alex Ducas
SA,Harrison Barnes
SA,Chris Paul
SA,Bismack Biyombo
SA,De'Aaron Fox
SA,Jordan McLaughlin
SA,Keldon Johnson
SA,Devin Vassell
SA,Charles Bassey
SA,Sandro Mamukelashvili
SA,David Duke Jr.
SA,Malaki Branham
SA,Jeremy Sochan
SA,Blake Wesley
SA,Julian Champagnie
SA,Victor Wembanyama
SA,Stephon Castle
SA,Harrison Ingram
SA,Riley Minix
CLE,Tristan Thompson
CLE,Jarrett Allen
CLE,Donovan Mitchell
CLE,Javonte Green
CLE,De'Andre Hunter
CLE,Darius Garland
CLE,Chuma Okeke
CLE,Ty Jerome
CLE,Dean Wade
CLE,Max Strus
CLE,Isaac Okoro
CLE,Sam Merrill
CLE,Evan Mobley
CLE,Luke Travers
CLE,Emoni Bates
CLE,Craig Porter Jr.
CLE,Jaylon Tyson
CLE,Nae'Qwan Tomlin
GS,Draymond Green
GS,Stephen Curry
GS,Jimmy Butler III
GS,Kevon Looney
GS,Buddy Hield
GS,Gary Payton II
GS,Kevin Knox II
GS,Moses Moody
GS,Jonathan Kuminga
GS,Braxton Key
GS,Gui Santos
GS,Pat Spencer
GS,Trayce Jackson-Davis
GS,Brandin Podziemski
GS,Quinten Post
GS,Jackson Rowe
GS,Taran Armstrong
DEN,DeAndre Jordan
DEN,Aaron Gordon
DEN,Russell Westbrook
DEN,Nikola Jokić
DEN,Dario Šarić
DEN,Jamal Murray
DEN,Vlatko Čančar
DEN,Michael Porter Jr.
DEN,Zeke Nnaji
DEN,Christian Braun
DEN,Peyton Watson
DEN,Julian Strawther
DEN,Jalen Pickett
DEN,Hunter Tyson
DEN,DaRon Holmes II
DEN,PJ Hall
DEN,Trey Alexander
DEN,Spencer Jones
LAL,LeBron James
LAL,Markieff Morris
LAL,Alex Len
LAL,Dorian Finney-Smith
LAL,Maxi Kleber
LAL,Luka Dončić
LAL,Jarred Vanderbilt
LAL,Shake Milton
LAL,Gabe Vincent
LAL,Jaxson Hayes
LAL,Rui Hachimura
LAL,Austin Reaves
LAL,Jordan Goodwin
LAL,Christian Koloko
LAL,Trey Jemison III
LAL,Dalton Knecht
LAL,Bronny James Jr.
NO,Kelly Olynyk
NO,CJ McCollum
NO,Elfrid Payton
NO,Dejounte Murray
NO,Bruce Brown
NO,Zion Williamson
NO,Kylor Kelley
NO,Jeremiah Robinson-Earl
NO,Brandon Boston Jr.
NO,Herbert Jones
NO,Trey Murphy III
NO,Jose Alvarado
NO,Karlo Matković
NO,Lester Quinones
NO,Jamal Cain
NO,Jordan Hawkins
NO,Yves Missi
NO,Antonio Reeves
NO,Keion Brooks Jr.
LAC,James Harden
LAC,Nicolas Batum
LAC,Kawhi Leonard
LAC,Patty Mills
LAC,Norman Powell
LAC,Ben Simmons
LAC,Kris Dunn
LAC,Ivica Zubac
LAC,Bogdan Bogdanović
LAC,Derrick Jones Jr.
LAC,Drew Eubanks
LAC,Amir Coffey
LAC,Patrick Baldwin Jr.
LAC,Kobe Brown
LAC,Seth Lundy
LAC,Jordan Miller
LAC,Cam Christie
LAC,Trentyn Flowers
DAL,Anthony Davis
DAL,Klay Thompson
DAL,Dwight Powell
DAL,Kyrie Irving
DAL,Spencer Dinwiddie
DAL,Dante Exum
DAL,P.J. Washington
DAL,Daniel Gafford
DAL,Caleb Martin
DAL,Naji Marshall
DAL,Kai Jones
DAL,Kessler Edwards
DAL,Brandon Williams
DAL,Jaden Hardy
DAL,Max Christie
DAL,Dereck Lively II
DAL,Olivier-Maxence Prosper
